model,test_MAPE,test_RMSE,test_MAPE_1H,test_RMSE_1H,test_MAPE_24H,test_RMSE_24H
MLP_shallow_multiv,4.592745780944824,344.2513389589066,2.4548285007476807,157.53306579589844,6.730966091156006,460.65240478515625
LSTM_shallow_multiv,5.072569370269775,403.6941137792326,2.6822001934051514,189.8825225830078,7.463651180267334,538.4067993164062
LSTM_shallow_univ,6.0177226066589355,453.96785403814664,3.7480361461639404,241.1041717529297,8.288209915161133,595.0148315429688
LSTM_deep_multiv,5.683589935302734,431.4400487031773,3.377847671508789,218.8466033935547,7.989807605743408,569.5504760742188
MLP_deep_multiv,4.703629970550537,373.06471456035615,2.5534279346466064,166.31838989257812,6.8538055419921875,500.69293212890625
LSTM_deep_univ,5.8370890617370605,449.41474094092644,3.209658622741699,223.81748962402344,8.465213775634766,594.8553466796875
MLP_shallow_univ,4.71612024307251,416.9864356307049,1.7768439054489136,119.2800521850586,7.6560258865356445,577.5186767578125
MLP_deep_univ,4.64192533493042,395.71023963248666,1.9721299409866333,127.78816223144531,7.312286853790283,544.833740234375
