model,test_MAPE,test_RMSE
MLP_shallow_multiv,4.592745780944824,344.2513389589066
LSTM_shallow_multiv,5.072569370269775,403.6941137792326
LSTM_deep_multiv,5.683589935302734,431.4400487031773
LSTM_shallow_univ,6.0177226066589355,453.96785403814664
MLP_deep_multiv,4.703629970550537,373.06471456035615
LSTM_deep_univ,5.8370890617370605,449.41474094092644
MLP_shallow_univ,4.71612024307251,416.9864356307049
MLP_deep_univ,4.64192533493042,395.71023963248666
